Id,SalePrice
1461,-54246.778428189566
1462,5783.333670749024
1463,31867.081368664676
1464,54090.567663797854
1465,38214.075673846164
1466,28904.40675910619
1467,19796.827181345045
1468,25533.326921558826
1469,28700.53081249147
1470,-30988.017402455407
1471,34295.25396690234
1472,-57300.08776982438
1473,-55649.66179608589
1474,-2274.5075161548375
1475,-44721.78049262155
1476,156535.23321734363
1477,95691.81090042132
1478,125718.77227092633
1479,119757.22456365635
1480,208479.3808511643
1481,129797.7775170292
1482,74151.28130639395
1483,35454.32234095427
1484,38775.30328076676
1485,47639.326774350026
1486,55072.73545255359
1487,130411.44281939327
1488,75819.52614045846
1489,49882.71895843291
1490,66560.04682089726
1491,52278.34681207627
1492,-94269.51925759262
1493,37789.97905085739
1494,108621.4304371636
1495,104671.72546964194
1496,65522.81067546124
1497,24305.776880141588
1498,24644.38958665415
1499,10170.201072635891
1500,17890.272005197057
1501,38229.46971165159
1502,20036.442720183455
1503,87040.25572911493
1504,72856.2504039914
1505,65013.89908655251
1506,39695.410521064856
1507,66642.14233450017
1508,33003.034658692326
1509,-3006.687476519408
1510,6009.785141538804
1511,-6216.845685629301
1512,19618.72512426438
1513,-9939.67840380123
1514,-10817.661770474959
1515,25222.8103466796
1516,-4238.4197593803
1517,9500.776750381636
1518,-25279.093084724256
1519,59683.071367248376
1520,-18314.286849941305
1521,-17119.979726036127
1522,25684.62794792451
1523,-67734.35305286388
1524,-69155.94662643448
1525,-49156.478806724044
1526,-51201.81848830414
1527,-59111.494495875704
1528,-51072.86709881729
1529,-26183.682893033576
1530,34669.22933532369
1531,-22201.445410441178
1532,-98819.91309152835
1533,-32222.023766425104
1534,-75621.55288311039
1535,-33588.88447450319
1536,-77604.66210581685
1537,-89604.85841986822
1538,-38926.06829076074
1539,-13509.320614662112
1540,-93554.73066243838
1541,-40293.487047795774
1542,-53048.41744389258
1543,-19390.32761231804
1544,-112857.97357069838
1545,-79859.77361556221
1546,-48148.878615333546
1547,-46643.00418187186
1548,-65627.45204858505
1549,-57557.888288541166
1550,-56166.48014687203
1551,-69903.51408514671
1552,-49740.011091745124
1553,-55353.98114302522
1554,-74688.666057199
1555,23896.294914264072
1556,-94523.25385220902
1557,-100327.12001480965
1558,-74839.83597349582
1559,-88089.546383282
1560,-56604.64558416172
1561,-41343.53074264778
1562,-21480.469827974375
1563,-40104.727268222014
1564,8179.883738817739
1565,-354.9846033876456
1566,62962.031713350494
1567,-89888.41079212818
1568,81645.29119513612
1569,-31247.59732672006
1570,-14838.498745444285
1571,-51047.899314833965
1572,-18665.98839461738
1573,78898.43624727201
1574,-28438.924425857345
1575,74375.99006019754
1576,86283.89781364807
1577,47100.327853343195
1578,-41667.60382229859
1579,-11711.668243863765
1580,39499.091838795895
1581,-4628.13098078443
1582,-36349.95210088617
1583,114924.29115071642
1584,67571.77003401809
1585,13456.138979583917
1586,-121207.71235530754
1587,-68656.0908172986
1588,-14329.899494178291
1589,-83496.34952966782
1590,-30596.17881994394
1591,-75147.03767534267
1592,-51815.41483141382
1593,-44839.374854488524
1594,-77701.88627747024
1595,-65632.6669928919
1596,42227.214272286554
1597,14547.40879245607
1598,38723.58248187478
1599,23746.10538012198
1600,24675.43538411643
1601,-112810.54186299938
1602,-68421.44998909702
1603,-97445.20527536626
1604,85954.28846182863
1605,67854.62378811973
1606,4188.409549187756
1607,13814.383289511657
1608,82888.85478348282
1609,41676.982045718396
1610,13579.54903095288
1611,-4394.32557196022
1612,29787.73239007015
1613,23055.914016005645
1614,-31586.15647220226
1615,-90743.39789775372
1616,-94473.14513921595
1617,-68082.06233288842
1618,-44835.85355782784
1619,-17677.73647123991
1620,24089.89331933899
1621,-22321.52614707545
1622,-10660.14340421616
1623,77064.07548419351
1624,67331.21015154745
1625,-48789.37419188512
1626,35523.462989409454
1627,42187.13406079847
1628,104188.6642130423
1629,31212.8294800622
1630,108531.11891027004
1631,46251.712267391544
1632,56131.53431898847
1633,33113.60105376698
1634,41688.044581020855
1635,35825.670409510654
1636,21036.416621962773
1637,37804.211370434765
1638,50390.50844554107
1639,28717.91215403245
1640,69823.67765965065
1641,33377.99867311029
1642,71022.11265435538
1643,59785.74632998952
1644,62983.86181919385
1645,42094.150291799444
1646,24453.451920252675
1647,2146.2609807397275
1648,-21704.84973333372
1649,-10805.079669299055
1650,-43052.0925833254
1651,-38858.296140762934
1652,-57127.058984775045
1653,-60756.905088965876
1654,-4329.344760422115
1655,-15941.711445294754
1656,-5202.373985721228
1657,-7225.24332197482
1658,14300.225236958298
1659,-40965.615306032734
1660,17038.90956105162
1661,191562.27176865152
1662,135411.7678019129
1663,156593.2281573216
1664,195326.55317424564
1665,126124.48268861495
1666,140308.39531054714
1667,160283.32290458403
1668,145775.40603879196
1669,120936.14621486247
1670,136171.55624349395
1671,113410.22612853153
1672,169254.53834708204
1673,122093.85577456807
1674,96420.75663738055
1675,71826.08202804443
1676,67000.59583201168
1677,77754.26037346834
1678,201208.84071610266
1679,157814.75755964138
1680,136378.04165607443
1681,98330.9731989589
1682,129259.83243677387
1683,59512.97969724142
1684,45389.88676860882
1685,46211.10851980258
1686,46406.99189363059
1687,38959.11415802257
1688,64023.84121784421
1689,53917.25352267418
1690,57611.18379578099
1691,51050.88399224807
1692,90737.01900705005
1693,30827.21793069789
1694,34454.921342850386
1695,15164.346552085648
1696,98236.79013431657
1697,17398.76797711664
1698,132365.9742582535
1699,128572.1023050992
1700,92170.63577971573
1701,102109.59961452897
1702,85609.05013606988
1703,88725.63814666163
1704,103965.40655472237
1705,99342.58162869336
1706,166396.83980628315
1707,67268.72634155708
1708,51939.6548266474
1709,103017.5675305652
1710,74523.25940888838
1711,109408.15553483297
1712,101983.80722012304
1713,88317.65837926336
1714,53846.53957053473
1715,46104.57215744461
1716,21355.969626803024
1717,22816.127747416376
1718,-38192.1820570058
1719,54784.0146792253
1720,79758.99439148375
1721,13003.792634875123
1722,-42298.54210957396
1723,4252.172265583482
1724,62743.54266790157
1725,71116.65920594311
1726,33857.57179739069
1727,10805.935890361112
1728,27293.034054746353
1729,11215.61286722761
1730,-27614.566283775363
1731,-40103.67863629313
1732,-28228.598028357956
1733,-43362.36623209844
1734,-31178.827872639995
1735,-18167.304815168613
1736,-47084.04214470089
1737,106062.76475711953
1738,72818.78793056755
1739,82294.59463696764
1740,89321.15196509447
1741,63071.77006734014
1742,23233.61924930744
1743,33394.80185097632
1744,112865.4479044377
1745,38363.31045807404
1746,41985.60957939089
1747,44440.33289631654
1748,50977.457853591135
1749,11731.301291109949
1750,-18838.84935921482
1751,78513.74664904739
1752,-45404.0367360371
1753,-4994.618663077297
1754,46308.97041497241
1755,29787.163603846388
1756,-43623.25189805462
1757,-48766.69871544254
1758,6066.762679933206
1759,983.7923428382855
1760,18619.958646763876
1761,8752.551899352376
1762,8397.893320812469
1763,35491.63583725013
1764,-43808.84379615316
1765,-6557.066984747642
1766,29872.976875213437
1767,44629.89516352929
1768,-13674.267337755467
1769,8182.6582803408655
1770,-2691.7014172076088
1771,-40327.03754639595
1772,-35839.87691480208
1773,-22207.34104318502
1774,4798.319723408749
1775,-19995.89593713089
1776,-49862.324155758564
1777,-72744.12876780445
1778,-19931.055879339045
1779,-56529.7943280306
1780,-14284.540621230273
1781,-36928.69771495188
1782,-75737.43547292496
1783,-20742.39038055935
1784,-70688.90360069554
1785,-53425.94717464012
1786,-29817.97316626986
1787,-12620.326281158465
1788,-134444.69991431446
1789,-66931.6538023185
1790,-92591.54171307205
1791,42598.53311236692
1792,-14929.337225811687
1793,-22787.471666709433
1794,-10621.716405280804
1795,-32825.919970965864
1796,-13082.204738686152
1797,-44023.12700573649
1798,-36671.5873917646
1799,-64397.19545344907
1800,-32036.72247834279
1801,-60428.46131974714
1802,-38500.85651466414
1803,79.53576036309823
1804,-9939.473573151041
1805,-17406.071492914703
1806,-72152.3881686638
1807,-66076.51254700983
1808,-64950.868104475325
1809,-70310.360511229
1810,-54198.63926650701
1811,-127286.73808374756
1812,-114488.99206700374
1813,-77595.79108930164
1814,-95099.76626364386
1815,-154311.24267736473
1816,-84401.52608942604
1817,-48240.364307552445
1818,-42671.11844512641
1819,-36982.21187013246
1820,-99414.9595910086
1821,-79548.17696897715
1822,-36353.37526689328
1823,-133742.63700834115
1824,-45302.145570929075
1825,-41661.64689103938
1826,-51008.94737693974
1827,-75647.5944836612
1828,-65718.82175941009
1829,-32223.311366041868
1830,-59021.436283840514
1831,-58609.489772347086
1832,-72216.36809753941
1833,-45985.677690245815
1834,-41976.42077846894
1835,-61202.98910766714
1836,-83310.96328882818
1837,-93304.43754123469
1838,-88444.47795347925
1839,-91206.923882887
1840,-31559.432773849912
1841,-38860.10223426444
1842,-94563.18365749303
1843,7218.93796275258
1844,-4490.870537803432
1845,-5636.575875518476
1846,10508.277296538694
1847,23853.352344418643
1848,-153428.42995365628
1849,-69386.2765967196
1850,-52245.21022923453
1851,-16858.41991724182
1852,-37403.41036887068
1853,2417.248885491943
1854,7079.499051769541
1855,18274.75356105748
1856,63472.271942661304
1857,-34727.38436901147
1858,-46874.82572916121
1859,-54721.40610449027
1860,4639.935882830969
1861,-52199.81505549582
1862,118557.89512709045
1863,112929.4191559534
1864,112935.25305827695
1865,146033.35769482676
1866,133679.32684262664
1867,72920.48531778198
1868,120823.45315996232
1869,56859.89871838877
1870,72210.8828853989
1871,99576.95890213808
1872,49617.415872321595
1873,70121.11102803156
1874,-9898.129965877335
1875,37050.01325044467
1876,50103.09532036573
1877,56790.25727406824
1878,69174.17701072621
1879,-16142.121406997845
1880,-17368.12702140781
1881,83613.86521387825
1882,89107.67212596472
1883,40789.951585051516
1884,42730.40594993145
1885,74169.03013604577
1886,107683.65640797673
1887,63669.142776440494
1888,94605.86259161102
1889,42926.30651010026
1890,-24688.509328690336
1891,-13034.255194979203
1892,-76570.93927519026
1893,-52171.751334785884
1894,-37287.89945551653
1895,-2234.7445078753954
1896,-49747.11356224101
1897,-40060.21352055996
1898,-59253.22258377811
1899,-17151.36852561014
1900,-33708.405762386385
1901,-19108.245751497994
1902,-20673.006327390227
1903,15716.998341571198
1904,-25274.283972841848
1905,34447.58376637621
1906,-26323.851738914833
1907,43610.732954040424
1908,-52707.2588500584
1909,-7113.839426703904
1910,-27035.47451652435
1911,45675.88130504024
1912,88397.34763737945
1913,-6154.035939266367
1914,-127743.10466282902
1915,113491.46189041209
1916,-141971.36323692184
1917,74642.8572598379
1918,-15908.12479361832
1919,11364.490267644205
1920,-2704.735539106776
1921,159302.9860656129
1922,122029.30327217621
1923,53349.79044382581
1924,97523.17836040014
1925,58985.81850756058
1926,156140.18419531905
1927,-16155.542326103627
1928,24810.54833789471
1929,-46326.73452377809
1930,-14096.167161622285
1931,-18858.007368740313
1932,-21217.747420108142
1933,32127.42605661383
1934,31425.692518641572
1935,36523.177737598635
1936,36324.55656408938
1937,36165.80166199841
1938,24564.27238877428
1939,70395.41369369123
1940,35937.08539931809
1941,32097.212116550785
1942,33896.04068078666
1943,53998.50300519279
1944,145392.97544400592
1945,144983.05513795075
1946,-7441.712272234119
1947,115592.7376219265
1948,29905.036308734285
1949,77814.21142215384
1950,29882.43873249131
1951,87546.22623499995
1952,68603.08470767218
1953,39345.8882953367
1954,35186.91512528162
1955,-30502.830069620817
1956,124431.88504372133
1957,8527.571799048668
1958,102980.6143033567
1959,-16613.843890162167
1960,-38942.980069321646
1961,-35427.424773258295
1962,-62496.28324794239
1963,-52123.50533387093
1964,-50945.78247794759
1965,-4351.334485696847
1966,-27689.116917197825
1967,123330.96486433479
1968,174013.9187984122
1969,158256.16082781824
1970,170591.25222723637
1971,191280.72515493643
1972,150388.85040288293
1973,125042.43005495836
1974,135873.85229900404
1975,203400.47563830638
1976,107959.34490787433
1977,146774.90038194784
1978,141057.459131764
1979,141457.5468503744
1980,80160.2081200997
1981,148865.8317089773
1982,78575.71730923458
1983,70837.99280221519
1984,42909.41515698951
1985,75419.53616415831
1986,64704.74469581211
1987,59614.23270591336
1988,47739.01461790789
1989,53818.18615602333
1990,73152.38402874254
1991,84488.3428929316
1992,72524.19411168338
1993,44416.99520640061
1994,61482.34369702542
1995,38322.70825910699
1996,111061.06231830214
1997,127880.18067752529
1998,124798.6807430259
1999,98426.4166792462
2000,112182.57519743984
2001,125401.0386368781
2002,78750.69427711124
2003,100976.73834019207
2004,126536.2969337581
2005,74000.10795032058
2006,58587.602828009876
2007,92227.17342798479
2008,70529.94319928053
2009,41913.69253271413
2010,51877.91686226947
2011,-20189.77650528425
2012,31758.5536847597
2013,39660.66624519949
2014,46577.71920917023
2015,51966.269400072095
2016,39967.89921556438
2017,41470.4913266283
2018,-25698.98570475055
2019,-29357.765285138703
2020,-65502.16164036359
2021,-40060.70168699843
2022,33879.62105736304
2023,-28281.883306941847
2024,114814.27297714053
2025,142535.4424090912
2026,26403.821208456
2027,13055.437845264561
2028,5133.139814904896
2029,8008.588507739113
2030,95483.26736512981
2031,69992.66651825071
2032,70878.55569213512
2033,79457.557141305
2034,14631.529688735443
2035,60668.38593471245
2036,38473.439999180206
2037,39273.7614902161
2038,92568.67069750544
2039,48980.13077184353
2040,124374.86239528394
2041,79431.05535129391
2042,52489.144411125584
2043,13675.811644564548
2044,18001.793783568988
2045,29327.6006998239
2046,-21475.866274565313
2047,-21998.676938263205
2048,-15410.040632316235
2049,-11352.562011890252
2050,10438.155715395007
2051,-77117.59490189824
2052,-28862.02733451812
2053,-13922.113878857665
2054,-76653.85985581449
2055,-7372.144407440363
2056,-8147.67828837534
2057,-31115.527994473538
2058,61262.649784310044
2059,-4127.6170596768025
2060,1311.559857149823
2061,15922.643859013362
2062,-33763.09994057529
2063,-47120.68828866143
2064,-22788.254647275913
2065,-50640.901865035914
2066,20804.676321971343
2067,-30217.115347490704
2068,-33439.74591687243
2069,-126468.746184716
2070,-85020.41143851721
2071,-57636.88850761104
2072,-21160.29666661167
2073,-17694.950994156236
2074,31036.032731000276
2075,-15443.10815033313
2076,-49742.00634600996
2077,-23179.60642572304
2078,-43054.796619764784
2079,-37891.409687892454
2080,-82614.50857267511
2081,-59627.88110835426
2082,-56581.77767754555
2083,-35132.280490979465
2084,-71426.20242811885
2085,-41214.10885006965
2086,-52347.17294672687
2087,-63952.81517212361
2088,-73709.61047690932
2089,-93930.55465742428
2090,-58028.18374296235
2091,-103011.11098700512
2092,-54232.89738510647
2093,-86390.60899154865
2094,-65331.610507771875
2095,-43332.81740684739
2096,-107565.02255889858
2097,-103504.37161093595
2098,-42555.77283766777
2099,-126163.44307526393
2100,-84263.25218581379
2101,-78126.14595772137
2102,-58455.13213669579
2103,-88146.70744571768
2104,-48239.97253875788
2105,-69045.03901929682
2106,-115092.32086194647
2107,7528.614908716066
2108,-65506.353817195464
2109,-68527.50910816056
2110,-39123.51064841273
2111,-37160.849161780105
2112,-40280.0167579138
2113,-64872.741399282495
2114,-71129.13837092975
2115,-34337.11533432188
2116,-58184.59518787929
2117,-38268.69964699328
2118,-53666.75165354116
2119,-79014.17695288424
2120,-55714.35085621851
2121,-116896.85481776617
2122,-63520.85049857431
2123,-105529.18930775212
2124,-27671.258485293445
2125,-35784.786872479075
2126,-7918.752162598732
2127,-62134.28968715948
2128,-58776.260458502125
2129,-78542.5929213583
2130,-58765.559925034286
2131,-28341.51360650111
2132,-71422.44680767038
2133,-52412.71226830358
2134,-48653.85826972967
2135,-79954.00537021842
2136,-134545.3063837047
2137,-55724.28546601676
2138,-31593.904197928423
2139,2627.927033717471
2140,-17458.714580648008
2141,-124.78808104445125
2142,-17392.811497552375
2143,-20788.93027818873
2144,-65571.57912214688
2145,-17224.862337640432
2146,-21818.704662503522
2147,35464.15341064561
2148,-30852.758212139088
2149,-2233.5047224839545
2150,51124.47016178706
2151,-48275.47967893105
2152,-20243.164381767412
2153,-6375.973353540987
2154,-86877.49855214418
2155,-22948.862593468526
2156,89579.7630084283
2157,77414.57830461414
2158,67001.42388825212
2159,57317.92756533495
2160,57333.63769959569
2161,90643.14699882147
2162,159082.52654858565
2163,157950.3386661095
2164,90153.57049543931
2165,36525.99088825587
2166,-10305.563477861167
2167,65246.931865131846
2168,44296.98049380451
2169,51534.89287422419
2170,50457.84207380447
2171,3049.046772255402
2172,-6829.318226677213
2173,-3181.9528282310384
2174,72042.69128413055
2175,105457.35870343304
2176,113379.60882810829
2177,71532.55070672819
2178,67054.69972504853
2179,6629.624613299798
2180,35818.68059161324
2181,48897.720362095104
2182,69062.59371130871
2183,43703.93038503584
2184,-31239.612730319168
2185,-1873.2899416021537
2186,-15628.01036805497
2187,7681.063990678346
2188,6579.784558495271
2189,60962.239022461246
2190,-135062.69919104123
2191,-136025.5182738777
2192,-95123.7191023739
2193,-82581.56243448294
2194,-100914.96321673205
2195,-34890.13427846582
2196,-56629.94171163753
2197,-60336.870434374425
2198,-11523.935406228997
2199,-1711.1702051984175
2200,-23736.228961708533
2201,-28153.626994036684
2202,-6574.333366864346
2203,7703.690421304463
2204,-5822.612911464104
2205,-72673.4575245092
2206,-23250.547372434638
2207,24605.137185054773
2208,50648.18180616314
2209,15296.377512713952
2210,-44445.17854127525
2211,-79595.9149776552
2212,-75656.25929963749
2213,-100607.0963130318
2214,-23987.523026429568
2215,-84237.14583620502
2216,-24158.271243073475
2217,-147551.2881228815
2218,-117553.3960399048
2219,-144471.8047168762
2220,-107736.16661780223
2221,114427.35681700238
2222,93262.6074913234
2223,101598.02737539951
2224,50587.70791306819
2225,-43018.836093781836
2226,29844.34092367589
2227,62806.44071202418
2228,108035.77977946796
2229,96044.33158101086
2230,7694.700689399191
2231,81514.46211364676
2232,38621.16706411679
2233,57282.59745902254
2234,97561.52712637634
2235,65071.81962551374
2236,94096.68470556184
2237,135127.26024066584
2238,49790.13830976418
2239,-58813.91751317886
2240,13370.68823131828
2241,16542.054391309444
2242,-33778.52225197626
2243,-30068.884460308167
2244,-52207.62134469227
2245,-55042.50205220875
2246,-20686.18898357419
2247,-71858.05191102778
2248,-37520.57045546718
2249,-27936.33279720923
2250,-27902.704198858024
2251,-43366.730968653144
2252,23081.59867831888
2253,14846.612888106125
2254,30896.051610581995
2255,41982.336648246725
2256,26977.020539027257
2257,48829.47180711266
2258,19433.15865224284
2259,27504.033474684093
2260,4446.332687272465
2261,33102.04523223644
2262,42209.89091521216
2263,151737.86318771946
2264,196730.21998909218
2265,16751.628264845538
2266,107154.34773413642
2267,145867.53671336686
2268,165567.62302368914
2269,5946.322082113413
2270,51895.20145840961
2271,57640.60875960803
2272,75328.20346568167
2273,22368.186380343905
2274,39676.7489323294
2275,30375.153407297006
2276,45952.65920467909
2277,20366.314866142748
2278,-21140.531354678045
2279,-9188.259089559637
2280,-55250.56803432451
2281,24795.473184523587
2282,32350.347525101857
2283,-50700.36182693245
2284,-36297.40101268521
2285,-29372.378464482317
2286,-34756.641826541025
2287,159708.01295284615
2288,115657.4161262371
2289,136053.43823366554
2290,183163.265949849
2291,141271.7212075972
2292,168840.4022687877
2293,195448.5520095802
2294,155558.97667253527
2295,196621.45478732866
2296,99159.5951839631
2297,152812.21015403292
2298,154246.85855360425
2299,150106.53251272155
2300,128836.40756775328
2301,138464.19669544793
2302,88527.994026031
2303,80455.75321134544
2304,86957.5310021374
2305,69960.5679884209
2306,60424.49937624807
2307,73503.8518702697
2308,77090.21856132291
2309,111314.71610004129
2310,83389.02880111785
2311,71215.00488623479
2312,46111.22269683484
2313,38881.25772130064
2314,44853.91943117555
2315,50965.17425794445
2316,54838.32784899466
2317,37700.871789752404
2318,59107.27147199626
2319,54740.81113692796
2320,42126.86307765036
2321,86495.79058776214
2322,60042.483606592614
2323,41652.63033791365
2324,53160.16057972543
2325,67512.88084083013
2326,44134.808017028
2327,62861.79545904474
2328,68767.643165087
2329,36405.86561720284
2330,35268.31469352466
2331,149874.96168082193
2332,147500.99213438065
2333,113254.67920681098
2334,96320.81691295895
2335,99153.00646188119
2336,121393.7043038159
2337,40848.27780803568
2338,93097.39081138998
2339,79887.12778901626
2340,164470.13465323742
2341,75610.57724912887
2342,68938.16112198426
2343,81415.17174197861
2344,57541.1709292055
2345,64949.47423362232
2346,55458.53285455288
2347,49384.60735327128
2348,74592.83961624978
2349,38094.86692275108
2350,131798.98190896554
2351,91309.6105232116
2352,89832.78262178728
2353,99492.5289524798
2354,-30838.202133450504
2355,-25185.970734654336
2356,12356.88889659804
2357,48798.98197776763
2358,40429.98359990664
2359,-13174.659971223657
2360,-48203.84947851996
2361,-20795.659651294933
2362,86703.6007864739
2363,-14408.104593300439
2364,10138.287956509872
2365,63072.14036266721
2366,59891.03894743692
2367,68596.65428444574
2368,64526.95953327319
2369,62449.8229019401
2370,13574.348367558581
2371,13299.338612862151
2372,27626.244171550064
2373,78487.55260414933
2374,104490.04950611197
2375,55884.49801462263
2376,107097.65302342724
2377,107684.03072864818
2378,-2890.6463934747007
2379,44681.8075337208
2380,-9162.749620448812
2381,22888.734428659773
2382,40340.73921985991
2383,46879.36058169795
2384,73217.20639140185
2385,9089.964468594742
2386,-10416.729733910848
2387,-23056.95259801511
2388,-79313.9440055624
2389,-19527.69471349968
2390,-8227.304331367053
2391,-7839.608548397722
2392,-55236.76410125278
2393,17764.24432825278
2394,-4990.5135426414745
2395,38107.69476120487
2396,-7561.772324862362
2397,36920.174597233825
2398,-41382.77257042719
2399,-125640.85796746716
2400,-145491.43624238778
2401,-62666.80854438495
2402,-12077.187558394548
2403,-19077.494502094356
2404,8389.954731201782
2405,24004.606027017126
2406,-29393.93006998051
2407,-41910.67440981074
2408,-11914.56594767591
2409,-16069.748687506031
2410,16970.406012163214
2411,-59043.41808061167
2412,-5240.056051999978
2413,-29033.57140659608
2414,-28765.275287175326
2415,-10297.789086107583
2416,-48138.361026254315
2417,-47035.82786775521
2418,-46837.657341329614
2419,-46197.673531378605
2420,-32081.712084686493
2421,-13035.642978432319
2422,-59993.27309199579
2423,-73993.25498363323
2424,-10205.670818911432
2425,58018.29738530232
2426,-29409.23671164635
2427,-60308.33900515445
2428,23820.87103860235
2429,-37165.61782254413
2430,-23830.001431896097
2431,-41514.26555431017
2432,-14889.145810145808
2433,-18297.623723426394
2434,-25952.25885208032
2435,-9565.03929084379
2436,-75830.0984203371
2437,-53891.284559490836
2438,-31652.932634080833
2439,-57959.89539607673
2440,-64375.75105551523
2441,-109848.12805493339
2442,-78723.84941712511
2443,-35846.71568676524
2444,-32310.789114188505
2445,-104899.98565355322
2446,-59485.87631372251
2447,680.7209266884092
2448,-39406.149146246076
2449,-72528.37355951467
2450,-41543.811937529186
2451,-26641.299701664284
2452,-27587.771797150206
2453,-100440.7523134886
2454,-57946.310783041255
2455,-61340.726276193636
2456,-68077.19396989836
2457,-64770.874044148375
2458,-39415.67111467527
2459,-79637.65888622726
2460,-34386.35791544739
2461,-68274.10952982632
2462,-57640.10799951932
2463,-69468.0846138378
2464,-32337.36869409262
2465,-41359.293131861385
2466,-55909.942265469545
2467,-32345.60329044686
2468,-108534.66517430032
2469,-117015.44613162536
2470,22972.395205069377
2471,-1100.9397701036687
2472,-33672.7489614205
2473,-73327.71487120981
2474,-101439.47724478575
2475,26453.820458906845
2476,-74121.34102401239
2477,-47499.287237776865
2478,-2.7856727217513253
2479,-60308.57846499126
2480,-1556.398683217467
2481,-17483.136593246414
2482,-39796.67277608145
2483,-31634.10140918808
2484,-31137.607386004092
2485,-47865.729667244064
2486,-8211.468213123026
2487,51735.809609977274
2488,-24643.448833847076
2489,-9209.065386201997
2490,-9510.933058282873
2491,-115138.99887353898
2492,42502.84683078925
2493,5757.894963529495
2494,-15501.189414447934
2495,-77263.06060675852
2496,84174.97164793234
2497,-18934.495064825864
2498,-48130.88560564853
2499,-96489.73111998735
2500,-18277.100126170495
2501,-42021.18620219166
2502,-28228.050032118408
2503,-85897.1994086816
2504,8331.72227762004
2505,60246.74596642596
2506,106900.39282482193
2507,108792.17416843487
2508,105500.1017827189
2509,72190.11232423925
2510,71511.70045003408
2511,29373.059985730015
2512,51280.587294031306
2513,67122.31502632832
2514,77890.55607482581
2515,-9006.944449487248
2516,26092.005033609872
2517,-13581.167244392655
2518,3072.4476542193843
2519,70345.52873000766
2520,61707.175110712946
2521,39583.44298106733
2522,73901.88497437967
2523,-15275.69301400568
2524,672.278404972003
2525,-14760.525852994153
2526,-19643.524807304784
2527,-27726.98891082991
2528,-24839.016492342118
2529,-2084.416370180097
2530,-30439.609884942387
2531,72381.55145859942
2532,64481.107388394
2533,56834.69293727574
2534,85290.73700574948
2535,102261.94500320312
2536,89235.51758312839
2537,72555.05310192281
2538,45919.41026682126
2539,38633.78077507066
2540,50592.96475166691
2541,41330.37497161361
2542,30608.234423427682
2543,-11028.618367233947
2544,-40838.48663489123
2545,-36168.0427907578
2546,-7084.588775309185
2547,-17441.66452508818
2548,-22693.74989551997
2549,16944.988949101895
2550,320716.7675159442
2551,20.393323074324144
2552,-51452.51911970331
2553,-129285.6865825821
2554,-88780.9826682079
2555,-62396.90003606423
2556,-67839.3348188528
2557,-47515.2583963612
2558,-33521.98356838387
2559,-36148.81663511138
2560,-24422.204502710854
2561,-35983.67307528254
2562,-40653.896119041085
2563,-49534.181377857465
2564,-2808.155352829035
2565,-31030.120746196226
2566,-6447.82263769599
2567,-43898.37898425909
2568,29403.832461608166
2569,36081.89006882152
2570,-41437.3407494236
2571,28072.63432640156
2572,-9755.20918213798
2573,65038.26090166691
2574,87002.31326036793
2575,-55401.05953807188
2576,-82694.19523893506
2577,-37595.23496609047
2578,-105556.241091732
2579,-132514.94244083608
2580,-96023.73506988212
2581,-42201.48788233725
2582,-58899.93608819864
2583,99291.70542124816
2584,10663.519241350023
2585,63811.57229672679
2586,47835.48607107223
2587,27656.474341145575
2588,-12312.28832621661
2589,-7344.937048351705
2590,71375.1967762418
2591,73095.40035166687
2592,64859.106444841986
2593,121424.11102910651
2594,14702.710492532824
2595,52950.94731115046
2596,124138.60498995712
2597,58986.65676113995
2598,112072.0342221967
2599,149184.26144470516
2600,-7587.928417380477
2601,-9927.30552597883
2602,-69785.23585952076
2603,-50750.62289815401
2604,-79199.23962450912
2605,-64579.596929626634
2606,10828.06057241714
2607,52125.63312992854
2608,37235.35932362109
2609,14731.635196792875
2610,-74310.03272956362
2611,-13713.64835145757
2612,-5929.843216123751
2613,-26039.25230364019
2614,-34260.52876659702
2615,7667.394432948086
2616,2101.4132331643887
2617,30881.33066660699
2618,68602.78125247534
2619,46511.32021515209
2620,36123.143644245225
2621,29756.18359413013
2622,35132.05866897785
2623,78945.69045256657
2624,123591.77993718465
2625,91037.60847325655
2626,28684.301221902937
2627,7908.238124962595
2628,179110.02739150406
2629,195032.5113138493
2630,151445.23876557077
2631,187510.82879617723
2632,171744.6646386505
2633,110211.55797676949
2634,162345.3900171119
2635,14940.807560132995
2636,31280.002104618598
2637,39453.99204193681
2638,93129.1450049053
2639,34489.9674436989
2640,1596.9638167885241
2641,-49109.067896142114
2642,28059.172302976705
2643,-45459.41370572214
2644,-17129.386479141853
2645,-52594.35998037742
2646,-59677.92822941444
2647,-49471.35933553289
2648,-6188.473267652629
2649,-13402.813582198873
2650,-36673.43353153998
2651,389.71258566193137
2652,163455.48385060282
2653,95446.71076542058
2654,110653.95904078372
2655,168092.46514279023
2656,148951.76067923047
2657,147930.50015264167
2658,123254.08868872822
2659,118298.09878614999
2660,157226.3339565358
2661,145103.74470786893
2662,155786.72219657345
2663,111502.0926607151
2664,105476.1317413029
2665,137910.36475410836
2666,120979.59110949287
2667,48930.807237579495
2668,43092.574153376554
2669,49340.637783293096
2670,111537.58506242189
2671,50059.37093617653
2672,65180.77903829312
2673,58375.79966017969
2674,57302.74081449265
2675,47022.32115095041
2676,54982.237387143185
2677,43605.282661488316
2678,79316.54306597356
2679,109597.42931902368
2680,105332.0425119192
2681,153179.5192651422
2682,129689.57059313238
2683,192766.74931723275
2684,125166.74327046546
2685,118989.27953558773
2686,105165.72038614342
2687,108091.94602538933
2688,63338.08822669586
2689,47640.43102074021
2690,146448.2591154858
2691,36365.92978251169
2692,-32087.617753555205
2693,64299.36464890537
2694,-28115.847327724136
2695,53671.48634911056
2696,46040.28944711543
2697,27924.164789539635
2698,50917.38086123884
2699,18991.557136844363
2700,11753.37750646486
2701,18157.949411852158
2702,-22402.63526610942
2703,-58221.18370228967
2704,-13531.969378875448
2705,-47566.14356768821
2706,-40506.71052201748
2707,-35704.88730722883
2708,-40610.82162221528
2709,-80088.65932550732
2710,-33831.38664028767
2711,135378.90304612587
2712,151187.46968952363
2713,28783.242288129833
2714,2160.901942026965
2715,23490.273892077003
2716,15518.84027440464
2717,52599.8672651178
2718,59577.01379987104
2719,10852.211128038947
2720,22547.659126345916
2721,-25017.91681942711
2722,9528.630893412514
2723,8670.349855402106
2724,-30101.6409660114
2725,-26556.299142119264
2726,-12065.425359384888
2727,13188.498814708204
2728,28346.353359903496
2729,-8336.614791892167
2730,-15035.485997800442
2731,-43563.48551911833
2732,-40656.47753940828
2733,-2918.4594646451224
2734,3599.0936408740527
2735,-23265.510051357574
2736,-27414.770394989537
2737,-62841.24670602843
2738,-25697.46575802595
2739,3682.1197620478342
2740,-10835.405248692343
2741,-23692.042755201357
2742,8448.273142133152
2743,7043.436201921056
2744,2755.608637143312
2745,-1316.51606793282
2746,-39304.110374111006
2747,-348.73868556219895
2748,-48827.59754910849
2749,-23520.56475187584
2750,-35489.52603358632
2751,-24853.168319153418
2752,45116.05494746639
2753,-2235.715387724689
2754,49438.99199293589
2755,-50646.57849974447
2756,-80244.16114741197
2757,-91910.29973006135
2758,-92772.08332823557
2759,-26509.438371815428
2760,-57055.97275752153
2761,1759.0604556295766
2762,-4158.6478543155245
2763,31709.43793673067
2764,-28560.040655018558
2765,69003.25079741329
2766,-44096.50485472402
2767,-120668.69620323405
2768,-55810.8616711545
2769,-25144.0957878731
2770,-36965.615566268636
2771,-54009.56706602542
2772,-76990.23981375256
2773,-38297.94090801911
2774,-56790.58374805257
2775,-78570.27221781609
2776,-47050.94710690935
2777,-32868.660351970124
2778,-85020.77557810218
2779,-65125.40232413119
2780,-89776.68655804309
2781,-94398.5410808725
2782,-75087.30981872021
2783,-98894.78115708669
2784,-61147.17817466343
2785,-41075.842280643585
2786,-118320.70657235009
2787,-76089.84099472358
2788,-102082.53343702006
2789,-16822.13014322342
2790,-109553.02757104533
2791,-47247.898755461676
2792,-148842.883101206
2793,-32654.434360030013
2794,-78414.01690836684
2795,-70158.55918238554
2796,-94030.86500719364
2797,8408.250283491248
2798,-98170.69187028799
2799,-79263.1694230412
2800,-119400.00291160721
2801,-89484.6804993317
2802,-35522.43179659727
2803,-10379.972191524703
2804,-60766.61686139969
2805,-99523.28220155434
2806,-70747.03773310289
2807,-6812.3282449376675
2808,11100.336911898201
2809,-41718.12634603888
2810,-26380.248755456654
2811,9332.416463445606
2812,-742.7296858428926
2813,19552.027449073546
2814,18548.78934279532
2815,-85354.55176516614
2816,45881.20874336564
2817,10274.404381088909
2818,-34399.1748490456
2819,14638.056842787411
2820,-9304.155700269072
2821,-48606.48297522661
2822,11698.271207363812
2823,70836.2141924962
2824,40318.608820084264
2825,-11769.313423517768
2826,-12648.257941448439
2827,-35240.05878886032
2828,86270.56601182764
2829,34552.48638394101
2830,80652.5847219282
2831,41616.39018776078
2832,82256.36237380165
2833,114503.28849366575
2834,67667.08610493713
2835,79712.14853473008
2836,59639.08004337039
2837,11946.291562881503
2838,-2699.311050699973
2839,49804.37002455269
2840,33569.69108892138
2841,46567.048360787245
2842,71392.35709900022
2843,2122.504081673691
2844,9312.742655036322
2845,-46943.621676582414
2846,62832.79626249453
2847,55170.061418228215
2848,51511.78699789069
2849,45773.56348944818
2850,101924.88613217289
2851,55920.027555114466
2852,76769.29598758728
2853,77615.38959205059
2854,10834.122659491084
2855,44557.24114951416
2856,57886.08484873859
2857,39845.25048199845
2858,50422.116984058084
2859,-28771.44170245753
2860,-39756.229054836156
2861,-22239.562656269445
2862,69305.41181939258
2863,-44390.51249857522
2864,80798.53542088863
2865,-2657.8964859889493
2866,6394.0781394598225
2867,-72330.60029370335
2868,-78699.87171244787
2869,-73643.39704855334
2870,3977.8115482852627
2871,-93507.9912606045
2872,-139514.6657748071
2873,-74766.42527662648
2874,-62518.295277899764
2875,-76294.3840752746
2876,-18072.30502973409
2877,-53472.13786664108
2878,-37334.67490989322
2879,-33943.23491187346
2880,-76690.09987604662
2881,-52340.13721836042
2882,-10853.766006487549
2883,6805.76099748602
2884,21235.47369045386
2885,-4794.059110573646
2886,51510.33278515666
2887,-92788.94936736766
2888,-45605.08945496006
2889,-141369.76931309173
2890,-108618.46401244172
2891,-30898.23540857413
2892,-159859.4893820131
2893,-109786.26629077882
2894,-141506.62042300697
2895,116663.23828475463
2896,91882.4662152061
2897,33005.88438225559
2898,-5070.353340341528
2899,50324.578131345734
2900,12031.186128138404
2901,42917.228672159756
2902,42841.54038369628
2903,135568.4058518779
2904,153692.71791592767
2905,-102674.85604510552
2906,38546.78114239797
2907,-38586.880363467964
2908,-24292.505818942234
2909,-857.3027224384132
2910,-108965.87197691231
2911,-69357.52303275207
2912,3425.7203780241834
2913,-80689.78033295469
2914,-105677.45143312638
2915,-101848.22841524333
2916,-74854.45041205356
2917,8513.140286107855
2918,-62910.60025710213
2919,66759.53241652416
